Date (MST),Parameter ,Value (m)
2021-05-01 0:00,46,14.115
2021-05-01 0:05,46,14.115
2021-05-01 0:10,46,14.115
2021-05-01 0:15,46,14.115
2021-05-01 0:20,46,14.115
2021-05-01 0:25,46,14.115
2021-05-01 0:30,46,14.115
2021-05-01 0:35,46,14.115
2021-05-01 0:40,46,14.115
2021-05-01 0:45,46,14.115
2021-05-01 0:50,46,14.115
2021-05-01 0:55,46,14.115
2021-05-01 1:00,46,14.115
2021-05-01 1:05,46,14.115
2021-05-01 1:10,46,14.115
2021-05-01 1:15,46,14.115
2021-05-01 1:20,46,14.115
2021-05-01 1:25,46,14.115
2021-05-01 1:30,46,14.115
2021-05-01 1:35,46,14.115
2021-05-01 1:40,46,14.115
2021-05-01 1:45,46,14.115
2021-05-01 1:50,46,14.115
2021-05-01 1:55,46,14.115
2021-05-01 2:00,46,14.115
2021-05-01 2:05,46,14.115
2021-05-01 2:10,46,14.115
2021-05-01 2:15,46,14.115
2021-05-01 2:20,46,14.115
2021-05-01 2:25,46,14.115
2021-05-01 2:30,46,14.115
2021-05-01 2:35,46,14.115
2021-05-01 2:40,46,14.115
2021-05-01 2:45,46,14.115
2021-05-01 2:50,46,14.115
2021-05-01 2:55,46,14.115
2021-05-01 3:00,46,14.115
2021-05-01 3:05,46,14.115
2021-05-01 3:10,46,14.115
2021-05-01 3:15,46,14.115
2021-05-01 3:20,46,14.115
2021-05-01 3:25,46,14.115
2021-05-01 3:30,46,14.115
2021-05-01 3:35,46,14.115
2021-05-01 3:40,46,14.115
2021-05-01 3:45,46,14.115
2021-05-01 3:50,46,14.115
2021-05-01 3:55,46,14.115
2021-05-01 4:00,46,14.115
2021-05-01 4:05,46,14.115
2021-05-01 4:10,46,14.115
2021-05-01 4:15,46,14.115
2021-05-01 4:20,46,14.115
2021-05-01 4:25,46,14.115
2021-05-01 4:30,46,14.115
2021-05-01 4:35,46,14.115
2021-05-01 4:40,46,14.115
2021-05-01 4:45,46,14.115
2021-05-01 4:50,46,14.115
2021-05-01 4:55,46,14.115
2021-05-01 5:00,46,14.115
2021-05-01 5:05,46,14.115
2021-05-01 5:10,46,14.115
2021-05-01 5:15,46,14.115
2021-05-01 5:20,46,14.115
2021-05-01 5:25,46,14.115
2021-05-01 5:30,46,14.115
2021-05-01 5:35,46,14.115
2021-05-01 5:40,46,14.115
2021-05-01 5:45,46,14.115
2021-05-01 5:50,46,14.115
2021-05-01 5:55,46,14.115
2021-05-01 6:00,46,14.115
2021-05-01 6:05,46,14.115
2021-05-01 6:10,46,14.115
2021-05-01 6:15,46,14.115
2021-05-01 6:20,46,14.115
2021-05-01 6:25,46,14.115
2021-05-01 6:30,46,14.115
2021-05-01 6:35,46,14.115
2021-05-01 6:40,46,14.115
2021-05-01 6:45,46,14.115
2021-05-01 6:50,46,14.115
2021-05-01 6:55,46,14.115
2021-05-01 7:00,46,14.115
2021-05-01 7:05,46,14.115
2021-05-01 7:10,46,14.115
2021-05-01 7:15,46,14.115
2021-05-01 7:20,46,14.115
2021-05-01 7:25,46,14.115
2021-05-01 7:30,46,14.115
2021-05-01 7:35,46,14.115
2021-05-01 7:40,46,14.115
2021-05-01 7:45,46,14.115
2021-05-01 7:50,46,14.115
2021-05-01 7:55,46,14.115
2021-05-01 8:00,46,14.115
2021-05-01 8:05,46,14.115
2021-05-01 8:10,46,14.115
2021-05-01 8:15,46,14.115
2021-05-01 8:20,46,14.115
2021-05-01 8:25,46,14.115
2021-05-01 8:30,46,14.115
2021-05-01 8:35,46,14.115
2021-05-01 8:40,46,14.115
2021-05-01 8:45,46,14.115
2021-05-01 8:50,46,14.115
2021-05-01 8:55,46,14.115
2021-05-01 9:00,46,14.115
2021-05-01 9:05,46,14.115
2021-05-01 9:10,46,14.115
2021-05-01 9:15,46,14.115
2021-05-01 9:20,46,14.115
2021-05-01 9:25,46,14.115
2021-05-01 9:30,46,14.115
2021-05-01 9:35,46,14.115
2021-05-01 9:40,46,14.115
2021-05-01 9:45,46,14.115
2021-05-01 9:50,46,14.115
2021-05-01 9:55,46,14.115
2021-05-01 10:00,46,14.115
2021-05-01 10:05,46,14.115
2021-05-01 10:10,46,14.115
2021-05-01 10:15,46,14.115
2021-05-01 10:20,46,14.115
2021-05-01 10:25,46,14.115
2021-05-01 10:30,46,14.115
2021-05-01 10:35,46,14.115
2021-05-01 10:40,46,14.115
2021-05-01 10:45,46,14.115
2021-05-01 10:50,46,14.115
2021-05-01 10:55,46,14.115
2021-05-01 11:00,46,14.115
2021-05-01 11:05,46,14.115
2021-05-01 11:10,46,14.115
2021-05-01 11:15,46,14.115
2021-05-01 11:20,46,14.115
2021-05-01 11:25,46,14.115
2021-05-01 11:30,46,14.115
2021-05-01 11:35,46,14.115
2021-05-01 11:40,46,14.115
2021-05-01 11:45,46,14.115
2021-05-01 11:50,46,14.115
2021-05-01 11:55,46,14.115
2021-05-01 12:00,46,14.115
2021-05-01 12:05,46,14.115
2021-05-01 12:10,46,14.115
2021-05-01 12:15,46,14.115
2021-05-01 12:20,46,14.115
2021-05-01 12:25,46,14.115
2021-05-01 12:30,46,14.115
2021-05-01 12:35,46,14.115
2021-05-01 12:40,46,14.115
2021-05-01 12:45,46,14.115
2021-05-01 12:50,46,14.115
2021-05-01 12:55,46,14.115
2021-05-01 13:00,46,14.115
2021-05-01 13:05,46,14.115
2021-05-01 13:10,46,14.115
2021-05-01 13:15,46,14.115
2021-05-01 13:20,46,14.115
2021-05-01 13:25,46,14.115
2021-05-01 13:30,46,14.115
2021-05-01 13:35,46,14.115
2021-05-01 13:40,46,14.115
2021-05-01 13:45,46,14.115
2021-05-01 13:50,46,14.115
2021-05-01 13:55,46,14.115
2021-05-01 14:00,46,14.115
2021-05-01 14:05,46,14.115
2021-05-01 14:10,46,14.115
2021-05-01 14:15,46,14.115
2021-05-01 14:20,46,14.115
2021-05-01 14:25,46,14.115
2021-05-01 14:30,46,14.115
2021-05-01 14:35,46,14.115
2021-05-01 14:40,46,14.115
2021-05-01 14:45,46,14.115
2021-05-01 14:50,46,14.115
2021-05-01 14:55,46,14.115
2021-05-01 15:00,46,14.115
2021-05-01 15:05,46,14.115
2021-05-01 15:10,46,14.115
2021-05-01 15:15,46,14.115
2021-05-01 15:20,46,14.115
2021-05-01 15:25,46,14.115
2021-05-01 15:30,46,14.115
2021-05-01 15:35,46,14.115
2021-05-01 15:40,46,14.115
2021-05-01 15:45,46,14.115
2021-05-01 15:50,46,14.115
2021-05-01 15:55,46,14.115
2021-05-01 16:00,46,14.115
2021-05-01 16:05,46,14.115
2021-05-01 16:10,46,14.115
2021-05-01 16:15,46,14.115
2021-05-01 16:20,46,14.115
2021-05-01 16:25,46,14.115
2021-05-01 16:30,46,14.115
2021-05-01 16:35,46,14.115
2021-05-01 16:40,46,14.115
2021-05-01 16:45,46,14.115
2021-05-01 16:50,46,14.115
2021-05-01 16:55,46,14.115
2021-05-01 17:00,46,14.115
2021-05-01 17:05,46,14.115
2021-05-01 17:10,46,14.115
2021-05-01 17:15,46,14.115
2021-05-01 17:20,46,14.115
2021-05-01 17:25,46,14.115
2021-05-01 17:30,46,14.115
2021-05-01 17:35,46,14.115
2021-05-01 17:40,46,14.115
2021-05-01 17:45,46,14.115
2021-05-01 17:50,46,14.115
2021-05-01 17:55,46,14.115
2021-05-01 18:00,46,14.115
2021-05-01 18:05,46,14.115
2021-05-01 18:10,46,14.115
2021-05-01 18:15,46,14.115
2021-05-01 18:20,46,14.115
2021-05-01 18:25,46,14.115
2021-05-01 18:30,46,14.115
2021-05-01 18:35,46,14.115
2021-05-01 18:40,46,14.115
2021-05-01 18:45,46,14.115
2021-05-01 18:50,46,14.115
2021-05-01 18:55,46,14.115
2021-05-01 19:00,46,14.115
2021-05-01 19:05,46,14.115
2021-05-01 19:10,46,14.115
2021-05-01 19:15,46,14.115
2021-05-01 19:20,46,14.115
2021-05-01 19:25,46,14.115
2021-05-01 19:30,46,14.115
2021-05-01 19:35,46,14.115
2021-05-01 19:40,46,14.115
2021-05-01 19:45,46,14.115
2021-05-01 19:50,46,14.115
2021-05-01 19:55,46,14.115
2021-05-01 20:00,46,14.115
2021-05-01 20:05,46,14.115
2021-05-01 20:10,46,14.115
2021-05-01 20:15,46,14.115
2021-05-01 20:20,46,14.115
2021-05-01 20:25,46,14.115
2021-05-01 20:30,46,14.115
2021-05-01 20:35,46,14.115
2021-05-01 20:40,46,14.115
2021-05-01 20:45,46,14.115
2021-05-01 20:50,46,14.115
2021-05-01 20:55,46,14.115
2021-05-01 21:00,46,14.115
2021-05-01 21:05,46,14.115
2021-05-01 21:10,46,14.115
2021-05-01 21:15,46,14.115
2021-05-01 21:20,46,14.115
2021-05-01 21:25,46,14.115
2021-05-01 21:30,46,14.115
2021-05-01 21:35,46,14.115
2021-05-01 21:40,46,14.115
2021-05-01 21:45,46,14.115
2021-05-01 21:50,46,14.115
2021-05-01 21:55,46,14.115
2021-05-01 22:00,46,14.115
2021-05-01 22:05,46,14.115
2021-05-01 22:10,46,14.115
2021-05-01 22:15,46,14.115
2021-05-01 22:20,46,14.115
2021-05-01 22:25,46,14.115
2021-05-01 22:30,46,14.115
2021-05-01 22:35,46,14.115
2021-05-01 22:40,46,14.115
2021-05-01 22:45,46,14.115
2021-05-01 22:50,46,14.115
2021-05-01 22:55,46,14.115
2021-05-01 23:00,46,14.115
2021-05-01 23:05,46,14.115
2021-05-01 23:10,46,14.115
2021-05-01 23:15,46,14.115
2021-05-01 23:20,46,14.115
2021-05-01 23:25,46,14.115
2021-05-01 23:30,46,14.115
2021-05-01 23:35,46,14.115
2021-05-01 23:40,46,14.115
2021-05-01 23:45,46,14.115
2021-05-01 23:50,46,14.115
2021-05-01 23:55,46,14.115
2021-05-02 0:00,46,14.115
2021-05-02 0:05,46,14.115
2021-05-02 0:10,46,14.115
2021-05-02 0:15,46,14.115
2021-05-02 0:20,46,14.115
2021-05-02 0:25,46,14.115
2021-05-02 0:30,46,14.115
2021-05-02 0:35,46,14.115
2021-05-02 0:40,46,14.115
2021-05-02 0:45,46,14.115
2021-05-02 0:50,46,14.115
2021-05-02 0:55,46,14.115
2021-05-02 1:00,46,14.115
2021-05-02 1:05,46,14.115
2021-05-02 1:10,46,14.115
2021-05-02 1:15,46,14.115
2021-05-02 1:20,46,14.115
2021-05-02 1:25,46,14.115
2021-05-02 1:30,46,14.115
2021-05-02 1:35,46,14.115
2021-05-02 1:40,46,14.115
2021-05-02 1:45,46,14.115
2021-05-02 1:50,46,14.115
2021-05-02 1:55,46,14.115
2021-05-02 2:00,46,14.115
2021-05-02 2:05,46,14.115
2021-05-02 2:10,46,14.115
2021-05-02 2:15,46,14.115
2021-05-02 2:20,46,14.115
2021-05-02 2:25,46,14.115
2021-05-02 2:30,46,14.115
2021-05-02 2:35,46,14.115
2021-05-02 2:40,46,14.115
2021-05-02 2:45,46,14.115
2021-05-02 2:50,46,14.115
2021-05-02 2:55,46,14.115
2021-05-02 3:00,46,14.115
2021-05-02 3:05,46,14.115
2021-05-02 3:10,46,14.115
2021-05-02 3:15,46,14.115
2021-05-02 3:20,46,14.115
2021-05-02 3:25,46,14.115
2021-05-02 3:30,46,14.115
2021-05-02 3:35,46,14.115
2021-05-02 3:40,46,14.115
2021-05-02 3:45,46,14.115
2021-05-02 3:50,46,14.115
2021-05-02 3:55,46,14.115
2021-05-02 4:00,46,14.115
2021-05-02 4:05,46,14.115
2021-05-02 4:10,46,14.115
2021-05-02 4:15,46,14.115
2021-05-02 4:20,46,14.115
2021-05-02 4:25,46,14.115
2021-05-02 4:30,46,14.115
2021-05-02 4:35,46,14.115
2021-05-02 4:40,46,14.115
2021-05-02 4:45,46,14.115
2021-05-02 4:50,46,14.115
2021-05-02 4:55,46,14.115
2021-05-02 5:00,46,14.115
2021-05-02 5:05,46,14.115
2021-05-02 5:10,46,14.115
2021-05-02 5:15,46,14.115
2021-05-02 5:20,46,14.115
2021-05-02 5:25,46,14.115
2021-05-02 5:30,46,14.115
2021-05-02 5:35,46,14.115
2021-05-02 5:40,46,14.115
2021-05-02 5:45,46,14.115
2021-05-02 5:50,46,14.115
2021-05-02 5:55,46,14.115
2021-05-02 6:00,46,14.115
2021-05-02 6:05,46,14.115
2021-05-02 6:10,46,14.115
2021-05-02 6:15,46,14.115
2021-05-02 6:20,46,14.115
2021-05-02 6:25,46,14.115
2021-05-02 6:30,46,14.115
2021-05-02 6:35,46,14.115
2021-05-02 6:40,46,14.115
2021-05-02 6:45,46,14.115
2021-05-02 6:50,46,14.115
2021-05-02 6:55,46,14.115
2021-05-02 7:00,46,14.115
2021-05-02 7:05,46,14.115
2021-05-02 7:10,46,14.115
2021-05-02 7:15,46,14.115
2021-05-02 7:20,46,14.115
2021-05-02 7:25,46,14.115
2021-05-02 7:30,46,14.115
2021-05-02 7:35,46,14.115
2021-05-02 7:40,46,14.115
2021-05-02 7:45,46,14.115
2021-05-02 7:50,46,14.115
2021-05-02 7:55,46,14.115
2021-05-02 8:00,46,14.115
2021-05-02 8:05,46,14.115
2021-05-02 8:10,46,14.115
2021-05-02 8:15,46,14.115
2021-05-02 8:20,46,14.115
2021-05-02 8:25,46,14.115
2021-05-02 8:30,46,14.115
2021-05-02 8:35,46,14.115
2021-05-02 8:40,46,14.115
2021-05-02 8:45,46,14.115
2021-05-02 8:50,46,14.115
2021-05-02 8:55,46,14.115
2021-05-02 9:00,46,14.115
2021-05-02 9:05,46,14.115
2021-05-02 9:10,46,14.115
2021-05-02 9:15,46,14.115
2021-05-02 9:20,46,14.115
2021-05-02 9:25,46,14.115
2021-05-02 9:30,46,14.115
2021-05-02 9:35,46,14.115
2021-05-02 9:40,46,14.115
2021-05-02 9:45,46,14.115
2021-05-02 9:50,46,14.115
2021-05-02 9:55,46,14.115
2021-05-02 10:00,46,14.115
2021-05-02 10:05,46,14.115
2021-05-02 10:10,46,14.115
2021-05-02 10:15,46,14.115
2021-05-02 10:20,46,14.115
2021-05-02 10:25,46,14.115
2021-05-02 10:30,46,14.115
2021-05-02 10:35,46,14.115
2021-05-02 10:40,46,14.115
2021-05-02 10:45,46,14.115
2021-05-02 10:50,46,14.115
2021-05-02 10:55,46,14.115
2021-05-02 11:00,46,14.115
2021-05-02 11:05,46,14.115
2021-05-02 11:10,46,14.115
2021-05-02 11:15,46,14.115
2021-05-02 11:20,46,14.115
2021-05-02 11:25,46,14.115
2021-05-02 11:30,46,14.115
2021-05-02 11:35,46,14.115
2021-05-02 11:40,46,14.115
2021-05-02 11:45,46,14.115
2021-05-02 11:50,46,14.115
2021-05-02 11:55,46,14.115
2021-05-02 12:00,46,14.115
2021-05-02 12:05,46,14.115
2021-05-02 12:10,46,14.115
2021-05-02 12:15,46,14.115
2021-05-02 12:20,46,14.115
2021-05-02 12:25,46,14.115
2021-05-02 12:30,46,14.115
2021-05-02 12:35,46,14.115
2021-05-02 12:40,46,14.115
2021-05-02 12:45,46,14.115
2021-05-02 12:50,46,14.115
2021-05-02 12:55,46,14.115
2021-05-02 13:00,46,14.115
2021-05-02 13:05,46,14.115
2021-05-02 13:10,46,14.115
2021-05-02 13:15,46,14.115
2021-05-02 13:20,46,14.115
2021-05-02 13:25,46,14.115
2021-05-02 13:30,46,14.115
2021-05-02 13:35,46,14.115
2021-05-02 13:40,46,14.115
2021-05-02 13:45,46,14.115
2021-05-02 13:50,46,14.115
2021-05-02 13:55,46,14.115
2021-05-02 14:00,46,14.115
2021-05-02 14:05,46,14.115
2021-05-02 14:10,46,14.115
2021-05-02 14:15,46,14.115
2021-05-02 14:20,46,14.115
2021-05-02 14:25,46,14.115
2021-05-02 14:30,46,14.115
2021-05-02 14:35,46,14.115
2021-05-02 14:40,46,14.115
2021-05-02 14:45,46,14.115
2021-05-02 14:50,46,14.115
2021-05-02 14:55,46,14.115
2021-05-02 15:00,46,14.115
2021-05-02 15:05,46,14.115
2021-05-02 15:10,46,14.115
2021-05-02 15:15,46,14.115
2021-05-02 15:20,46,14.115
2021-05-02 15:25,46,14.115
2021-05-02 15:30,46,14.115
2021-05-02 15:35,46,14.115
2021-05-02 15:40,46,14.115
2021-05-02 15:45,46,14.115
2021-05-02 15:50,46,14.115
2021-05-02 15:55,46,14.115
2021-05-02 16:00,46,14.115
2021-05-02 16:05,46,14.115
2021-05-02 16:10,46,14.115
2021-05-02 16:15,46,14.115
2021-05-02 16:20,46,14.115
2021-05-02 16:25,46,14.115
2021-05-02 16:30,46,14.115
2021-05-02 16:35,46,14.115
2021-05-02 16:40,46,14.115
2021-05-02 16:45,46,14.115
2021-05-02 16:50,46,14.115
2021-05-02 16:55,46,14.115
2021-05-02 17:00,46,14.115
2021-05-02 17:05,46,14.115
2021-05-02 17:10,46,14.115
2021-05-02 17:15,46,14.115
2021-05-02 17:20,46,14.115
2021-05-02 17:25,46,14.115
2021-05-02 17:30,46,14.115
2021-05-02 17:35,46,14.115
2021-05-02 17:40,46,14.115
2021-05-02 17:45,46,14.115
2021-05-02 17:50,46,14.115
2021-05-02 17:55,46,14.115
2021-05-02 18:00,46,14.115
2021-05-02 18:05,46,14.115
2021-05-02 18:10,46,14.115
2021-05-02 18:15,46,14.115
2021-05-02 18:20,46,14.115
2021-05-02 18:25,46,14.115
2021-05-02 18:30,46,14.115
2021-05-02 18:35,46,14.115
2021-05-02 18:40,46,14.115
2021-05-02 18:45,46,14.115
2021-05-02 18:50,46,14.115
2021-05-02 18:55,46,14.115
2021-05-02 19:00,46,14.115
2021-05-02 19:05,46,14.115
2021-05-02 19:10,46,14.115
2021-05-02 19:15,46,14.115
2021-05-02 19:20,46,14.115
2021-05-02 19:25,46,14.115
2021-05-02 19:30,46,14.115
2021-05-02 19:35,46,14.115
2021-05-02 19:40,46,14.115
2021-05-02 19:45,46,14.115
2021-05-02 19:50,46,14.115
2021-05-02 19:55,46,14.115
2021-05-02 20:00,46,14.115
2021-05-02 20:05,46,14.115
2021-05-02 20:10,46,14.115
2021-05-02 20:15,46,14.115
2021-05-02 20:20,46,14.115
2021-05-02 20:25,46,14.115
2021-05-02 20:30,46,14.115
2021-05-02 20:35,46,14.115
2021-05-02 20:40,46,14.115
2021-05-02 20:45,46,14.115
2021-05-02 20:50,46,14.115
2021-05-02 20:55,46,14.115
2021-05-02 21:00,46,14.115
2021-05-02 21:05,46,14.115
2021-05-02 21:10,46,14.115
2021-05-02 21:15,46,14.115
2021-05-02 21:20,46,14.115
2021-05-02 21:25,46,14.115
2021-05-02 21:30,46,14.115
2021-05-02 21:35,46,14.115
2021-05-02 21:40,46,14.115
2021-05-02 21:45,46,14.115
2021-05-02 21:50,46,14.115
2021-05-02 21:55,46,14.115
2021-05-02 22:00,46,14.115
2021-05-02 22:05,46,14.115
2021-05-02 22:10,46,14.115
2021-05-02 22:15,46,14.115
2021-05-02 22:20,46,14.115
2021-05-02 22:25,46,14.115
2021-05-02 22:30,46,14.115
2021-05-02 22:35,46,14.115
2021-05-02 22:40,46,14.115
2021-05-02 22:45,46,14.115
2021-05-02 22:50,46,14.115
2021-05-02 22:55,46,14.115
2021-05-02 23:00,46,14.115
2021-05-02 23:05,46,14.115
2021-05-02 23:10,46,14.115
2021-05-02 23:15,46,14.115
2021-05-02 23:20,46,14.115
2021-05-02 23:25,46,14.115
2021-05-02 23:30,46,14.115
2021-05-02 23:35,46,14.115
2021-05-02 23:40,46,14.115
2021-05-02 23:45,46,14.115
2021-05-02 23:50,46,14.115
2021-05-02 23:55,46,14.115
2021-05-03 0:00,46,14.115
2021-05-03 0:05,46,14.115
2021-05-03 0:10,46,14.115
2021-05-03 0:15,46,14.115
2021-05-03 0:20,46,14.115
2021-05-03 0:25,46,14.115
2021-05-03 0:30,46,14.115
2021-05-03 0:35,46,14.115
2021-05-03 0:40,46,14.115
2021-05-03 0:45,46,14.115
2021-05-03 0:50,46,14.115
2021-05-03 0:55,46,14.115
2021-05-03 1:00,46,14.115
2021-05-03 1:05,46,14.115
2021-05-03 1:10,46,14.115
2021-05-03 1:15,46,14.115
2021-05-03 1:20,46,14.115
2021-05-03 1:25,46,14.115
2021-05-03 1:30,46,14.115
2021-05-03 1:35,46,14.115
2021-05-03 1:40,46,14.115
2021-05-03 1:45,46,14.115
2021-05-03 1:50,46,14.115
2021-05-03 1:55,46,14.115
2021-05-03 2:00,46,14.115
2021-05-03 2:05,46,14.115
2021-05-03 2:10,46,14.115
2021-05-03 2:15,46,14.115
2021-05-03 2:20,46,14.115
2021-05-03 2:25,46,14.115
2021-05-03 2:30,46,14.115
2021-05-03 2:35,46,14.115
2021-05-03 2:40,46,14.115
2021-05-03 2:45,46,14.115
2021-05-03 2:50,46,14.115
2021-05-03 2:55,46,14.115
2021-05-03 3:00,46,14.115
2021-05-03 3:05,46,14.115
2021-05-03 3:10,46,14.115
2021-05-03 3:15,46,14.115
2021-05-03 3:20,46,14.115
2021-05-03 3:25,46,14.115
2021-05-03 3:30,46,14.115
2021-05-03 3:35,46,14.115
2021-05-03 3:40,46,14.115
2021-05-03 3:45,46,14.115
2021-05-03 3:50,46,14.115
2021-05-03 3:55,46,14.115
2021-05-03 4:00,46,14.115
2021-05-03 4:05,46,14.115
2021-05-03 4:10,46,14.115
2021-05-03 4:15,46,14.115
2021-05-03 4:20,46,14.115
2021-05-03 4:25,46,14.115
2021-05-03 4:30,46,14.115
2021-05-03 4:35,46,14.115
2021-05-03 4:40,46,14.115
2021-05-03 4:45,46,14.115
2021-05-03 4:50,46,14.115
2021-05-03 4:55,46,14.115
2021-05-03 5:00,46,14.115
2021-05-03 5:05,46,14.115
2021-05-03 5:10,46,14.115
2021-05-03 5:15,46,14.115
2021-05-03 5:20,46,14.115
2021-05-03 5:25,46,14.115
2021-05-03 5:30,46,14.115
2021-05-03 5:35,46,14.115
2021-05-03 5:40,46,14.115
2021-05-03 5:45,46,14.115
2021-05-03 5:50,46,14.115
2021-05-03 5:55,46,14.115
2021-05-03 6:00,46,14.115
2021-05-03 6:05,46,14.115
2021-05-03 6:10,46,14.115
2021-05-03 6:15,46,14.115
2021-05-03 6:20,46,14.115
2021-05-03 6:25,46,14.115
2021-05-03 6:30,46,14.115
2021-05-03 6:35,46,14.115
2021-05-03 6:40,46,14.115
2021-05-03 6:45,46,14.115
2021-05-03 6:50,46,14.115
2021-05-03 6:55,46,14.115
2021-05-03 7:00,46,14.115
2021-05-03 7:05,46,14.115
2021-05-03 7:10,46,14.115
2021-05-03 7:15,46,14.115
2021-05-03 7:20,46,14.115
2021-05-03 7:25,46,14.115
2021-05-03 7:30,46,14.115
2021-05-03 7:35,46,14.115
2021-05-03 7:40,46,14.115
2021-05-03 7:45,46,14.115
2021-05-03 7:50,46,14.115
2021-05-03 7:55,46,14.115
2021-05-03 8:00,46,14.115
2021-05-03 8:05,46,14.115
2021-05-03 8:10,46,14.115
2021-05-03 8:15,46,14.115
2021-05-03 8:20,46,14.115
2021-05-03 8:25,46,14.115
2021-05-03 8:30,46,14.115
2021-05-03 8:35,46,14.115
2021-05-03 8:40,46,14.115
2021-05-03 8:45,46,14.115
2021-05-03 8:50,46,14.115
2021-05-03 8:55,46,14.115
2021-05-03 9:00,46,14.115
2021-05-03 9:05,46,14.115
2021-05-03 9:10,46,14.115
2021-05-03 9:15,46,14.115
2021-05-03 9:20,46,14.115
2021-05-03 9:25,46,14.115
2021-05-03 9:30,46,14.115
2021-05-03 9:35,46,14.115
2021-05-03 9:40,46,14.115
2021-05-03 9:45,46,14.115
2021-05-03 9:50,46,14.115
2021-05-03 9:55,46,14.115
2021-05-03 10:00,46,14.115
2021-05-03 10:05,46,14.115
2021-05-03 10:10,46,14.115
2021-05-03 10:15,46,14.115
2021-05-03 10:20,46,14.115
2021-05-03 10:25,46,14.115
2021-05-03 10:30,46,14.115
2021-05-03 10:35,46,14.115
2021-05-03 10:40,46,14.115
2021-05-03 10:45,46,14.115
2021-05-03 10:50,46,14.115
2021-05-03 10:55,46,14.115
2021-05-03 11:00,46,14.115
2021-05-03 11:05,46,14.115
2021-05-03 11:10,46,14.115
2021-05-03 11:15,46,14.115
2021-05-03 11:20,46,14.115
2021-05-03 11:25,46,14.115
2021-05-03 11:30,46,14.115
2021-05-03 11:35,46,14.115
2021-05-03 11:40,46,14.115
2021-05-03 11:45,46,14.115
2021-05-03 11:50,46,14.115
2021-05-03 11:55,46,14.115
2021-05-03 12:00,46,14.115
2021-05-03 12:05,46,14.115
2021-05-03 12:10,46,14.115
2021-05-03 12:15,46,14.115
2021-05-03 12:20,46,14.115
2021-05-03 12:25,46,14.115
2021-05-03 12:30,46,14.115
2021-05-03 12:35,46,14.115
2021-05-03 12:40,46,14.115
2021-05-03 12:45,46,14.115
2021-05-03 12:50,46,14.115
2021-05-03 12:55,46,14.115
2021-05-03 13:00,46,14.115
2021-05-03 13:05,46,14.115
2021-05-03 13:10,46,14.115
2021-05-03 13:15,46,14.115
2021-05-03 13:20,46,14.115
2021-05-03 13:25,46,14.115
2021-05-03 13:30,46,14.115
2021-05-03 13:35,46,14.115
2021-05-03 13:40,46,14.115
2021-05-03 13:45,46,14.115
2021-05-03 13:50,46,14.115
2021-05-03 13:55,46,14.115
2021-05-03 14:00,46,14.115
2021-05-03 14:05,46,14.115
2021-05-03 14:10,46,14.115
2021-05-03 14:15,46,14.115
2021-05-03 14:20,46,14.115
2021-05-03 14:25,46,14.115
2021-05-03 14:30,46,14.115
2021-05-03 14:35,46,14.115
2021-05-03 14:40,46,14.115
2021-05-03 14:45,46,14.115
2021-05-03 14:50,46,14.115
2021-05-03 14:55,46,14.115
2021-05-03 15:00,46,14.115
2021-05-03 15:05,46,14.115
2021-05-03 15:10,46,14.115
2021-05-03 15:15,46,14.115
2021-05-03 15:20,46,14.115
2021-05-03 15:25,46,14.115
2021-05-03 15:30,46,14.115
2021-05-03 15:35,46,14.115
2021-05-03 15:40,46,14.115
2021-05-03 15:45,46,14.115
2021-05-03 15:50,46,14.115
2021-05-03 15:55,46,14.115
2021-05-03 16:00,46,14.115
2021-05-03 16:05,46,14.115
2021-05-03 16:10,46,14.115
2021-05-03 16:15,46,14.115
2021-05-03 16:20,46,14.115
2021-05-03 16:25,46,14.115
2021-05-03 16:30,46,14.115
2021-05-03 16:35,46,14.115
2021-05-03 16:40,46,14.115
2021-05-03 16:45,46,14.115
2021-05-03 16:50,46,14.115
2021-05-03 16:55,46,14.115
2021-05-03 17:00,46,14.115
2021-05-03 17:05,46,14.115
2021-05-03 17:10,46,14.115
2021-05-03 17:15,46,14.115
2021-05-03 17:20,46,14.115
2021-05-03 17:25,46,14.115
2021-05-03 17:30,46,14.115
2021-05-03 17:35,46,14.115
2021-05-03 17:40,46,14.115
2021-05-03 17:45,46,14.115
2021-05-03 17:50,46,14.115
2021-05-03 17:55,46,14.115
2021-05-03 18:00,46,14.115
2021-05-03 18:05,46,14.115
2021-05-03 18:10,46,14.115
2021-05-03 18:15,46,14.115
2021-05-03 18:20,46,14.115
2021-05-03 18:25,46,14.115
2021-05-03 18:30,46,14.115
2021-05-03 18:35,46,14.115
2021-05-03 18:40,46,14.115
2021-05-03 18:45,46,14.115
2021-05-03 18:50,46,14.115
2021-05-03 18:55,46,14.115
2021-05-03 19:00,46,14.115
2021-05-03 19:05,46,14.115
2021-05-03 19:10,46,14.115
2021-05-03 19:15,46,14.115
2021-05-03 19:20,46,14.115
2021-05-03 19:25,46,14.115
2021-05-03 19:30,46,14.115
2021-05-03 19:35,46,14.115
2021-05-03 19:40,46,14.115
2021-05-03 19:45,46,14.115
2021-05-03 19:50,46,14.115
2021-05-03 19:55,46,14.115
2021-05-03 20:00,46,14.115
2021-05-03 20:05,46,14.115
2021-05-03 20:10,46,14.115
2021-05-03 20:15,46,14.115
2021-05-03 20:20,46,14.115
2021-05-03 20:25,46,14.115
2021-05-03 20:30,46,14.115
2021-05-03 20:35,46,14.115
2021-05-03 20:40,46,14.115
2021-05-03 20:45,46,14.115
2021-05-03 20:50,46,14.115
2021-05-03 20:55,46,14.115
2021-05-03 21:00,46,14.115
2021-05-03 21:05,46,14.115
2021-05-03 21:10,46,14.115
2021-05-03 21:15,46,14.115
2021-05-03 21:20,46,14.115
2021-05-03 21:25,46,14.115
2021-05-03 21:30,46,14.115
2021-05-03 21:35,46,14.115
2021-05-03 21:40,46,14.115
2021-05-03 21:45,46,14.115
2021-05-03 21:50,46,14.115
2021-05-03 21:55,46,14.115
2021-05-03 22:00,46,14.115
2021-05-03 22:05,46,14.115
2021-05-03 22:10,46,14.115
2021-05-03 22:15,46,14.115
2021-05-03 22:20,46,14.115
2021-05-03 22:25,46,14.115
2021-05-03 22:30,46,14.115
2021-05-03 22:35,46,14.115
2021-05-03 22:40,46,14.115
2021-05-03 22:45,46,14.115
2021-05-03 22:50,46,14.115
2021-05-03 22:55,46,14.115
2021-05-03 23:00,46,14.115
2021-05-03 23:05,46,14.115
2021-05-03 23:10,46,14.115
2021-05-03 23:15,46,14.115
2021-05-03 23:20,46,14.115
2021-05-03 23:25,46,14.115
2021-05-03 23:30,46,14.115
2021-05-03 23:35,46,14.115
2021-05-03 23:40,46,14.115
2021-05-03 23:45,46,14.115
2021-05-03 23:50,46,14.115
2021-05-03 23:55,46,14.115
2021-05-04 0:00,46,14.115
2021-05-04 0:05,46,14.115
2021-05-04 0:10,46,14.115
2021-05-04 0:15,46,14.115
2021-05-04 0:20,46,14.115
2021-05-04 0:25,46,14.115
2021-05-04 0:30,46,14.115
2021-05-04 0:35,46,14.115
2021-05-04 0:40,46,14.115
2021-05-04 0:45,46,14.115
2021-05-04 0:50,46,14.115
2021-05-04 0:55,46,14.115
2021-05-04 1:00,46,14.115
2021-05-04 1:05,46,14.115
2021-05-04 1:10,46,14.115
2021-05-04 1:15,46,14.115
2021-05-04 1:20,46,14.115
2021-05-04 1:25,46,14.115
2021-05-04 1:30,46,14.115
2021-05-04 1:35,46,14.115
2021-05-04 1:40,46,14.115
2021-05-04 1:45,46,14.115
2021-05-04 1:50,46,14.115
2021-05-04 1:55,46,14.115
2021-05-04 2:00,46,14.115
2021-05-04 2:05,46,14.115
2021-05-04 2:10,46,14.115
2021-05-04 2:15,46,14.115
2021-05-04 2:20,46,14.115
2021-05-04 2:25,46,14.115
2021-05-04 2:30,46,14.115
2021-05-04 2:35,46,14.115
2021-05-04 2:40,46,14.115
2021-05-04 2:45,46,14.115
2021-05-04 2:50,46,14.115
2021-05-04 2:55,46,14.115
2021-05-04 3:00,46,14.115
2021-05-04 3:05,46,14.115
2021-05-04 3:10,46,14.115
2021-05-04 3:15,46,14.115
2021-05-04 3:20,46,14.115
2021-05-04 3:25,46,14.115
2021-05-04 3:30,46,14.115
2021-05-04 3:35,46,14.115
2021-05-04 3:40,46,14.115
2021-05-04 3:45,46,14.115
2021-05-04 3:50,46,14.115
2021-05-04 3:55,46,14.115
2021-05-04 4:00,46,14.115
2021-05-04 4:05,46,14.115
2021-05-04 4:10,46,14.115
2021-05-04 4:15,46,14.115
2021-05-04 4:20,46,14.115
2021-05-04 4:25,46,14.115
2021-05-04 4:30,46,14.115
2021-05-04 4:35,46,14.115
2021-05-04 4:40,46,14.115
2021-05-04 4:45,46,14.115
2021-05-04 4:50,46,14.115
2021-05-04 4:55,46,14.115
2021-05-04 5:00,46,14.115
2021-05-04 5:05,46,14.115
2021-05-04 5:10,46,14.115
2021-05-04 5:15,46,14.115
2021-05-04 5:20,46,14.115
2021-05-04 5:25,46,14.115
2021-05-04 5:30,46,14.115
2021-05-04 5:35,46,14.115
2021-05-04 5:40,46,14.115
2021-05-04 5:45,46,14.115
2021-05-04 5:50,46,14.115
2021-05-04 5:55,46,14.115
2021-05-04 6:00,46,14.115
2021-05-04 6:05,46,14.115
2021-05-04 6:10,46,14.115
2021-05-04 6:15,46,14.115
2021-05-04 6:20,46,14.115
2021-05-04 6:25,46,14.115
2021-05-04 6:30,46,14.115
2021-05-04 6:35,46,14.115
2021-05-04 6:40,46,14.115
2021-05-04 6:45,46,14.115
2021-05-04 6:50,46,14.115
2021-05-04 6:55,46,14.115
2021-05-04 7:00,46,14.115
2021-05-04 7:05,46,14.115
2021-05-04 7:10,46,14.115
2021-05-04 7:15,46,14.115
2021-05-04 7:20,46,14.115
2021-05-04 7:25,46,14.115
2021-05-04 7:30,46,14.115
2021-05-04 7:35,46,14.115
2021-05-04 7:40,46,14.115
2021-05-04 7:45,46,14.115
2021-05-04 7:50,46,14.115
2021-05-04 7:55,46,14.115
2021-05-04 8:00,46,14.115
2021-05-04 8:05,46,14.115
2021-05-04 8:10,46,14.115
2021-05-04 8:15,46,14.115
2021-05-04 8:20,46,14.115
2021-05-04 8:25,46,14.115
2021-05-04 8:30,46,14.115
2021-05-04 8:35,46,14.115
2021-05-04 8:40,46,14.115
2021-05-04 8:45,46,14.115
2021-05-04 8:50,46,14.115
2021-05-04 8:55,46,14.115
2021-05-04 9:00,46,14.115
2021-05-04 9:05,46,14.115
2021-05-04 9:10,46,14.115
2021-05-04 9:15,46,14.115
2021-05-04 9:20,46,14.115
2021-05-04 9:25,46,14.115
2021-05-04 9:30,46,14.115
2021-05-04 9:35,46,14.115
2021-05-04 9:40,46,14.115
2021-05-04 9:45,46,14.115
2021-05-04 9:50,46,14.115
2021-05-04 9:55,46,14.115
2021-05-04 10:00,46,14.115
2021-05-04 10:05,46,14.115
2021-05-04 10:10,46,14.115
2021-05-04 10:15,46,14.115
2021-05-04 10:20,46,14.115
2021-05-04 10:25,46,14.115
2021-05-04 10:30,46,14.115
2021-05-04 10:35,46,14.115
2021-05-04 10:40,46,14.115
2021-05-04 10:45,46,14.115
2021-05-04 10:50,46,14.115
2021-05-04 10:55,46,14.115
2021-05-04 11:00,46,14.115
2021-05-04 11:05,46,14.115
2021-05-04 11:10,46,14.115
2021-05-04 11:15,46,14.115
2021-05-04 11:20,46,14.115
2021-05-04 11:25,46,14.115
2021-05-04 11:30,46,14.115
2021-05-04 11:35,46,14.115
2021-05-04 11:40,46,14.115
2021-05-04 11:45,46,14.115
2021-05-04 11:50,46,14.115
2021-05-04 11:55,46,14.115
2021-05-04 12:00,46,14.115
2021-05-04 12:05,46,14.115
2021-05-04 12:10,46,14.115
2021-05-04 12:15,46,14.115
2021-05-04 12:20,46,14.115
2021-05-04 12:25,46,14.115
2021-05-04 12:30,46,14.115
2021-05-04 12:35,46,14.115
2021-05-04 12:40,46,14.115
2021-05-04 12:45,46,14.115
2021-05-04 12:50,46,14.115
2021-05-04 12:55,46,14.115
2021-05-04 13:00,46,14.115
2021-05-04 13:05,46,14.115
2021-05-04 13:10,46,14.115
2021-05-04 13:15,46,14.115
2021-05-04 13:20,46,14.115
2021-05-04 13:25,46,14.115
2021-05-04 13:30,46,14.115
2021-05-04 13:35,46,14.115
2021-05-04 13:40,46,14.115
2021-05-04 13:45,46,14.115
2021-05-04 13:50,46,14.115
2021-05-04 13:55,46,14.115
2021-05-04 14:00,46,14.115
2021-05-04 14:05,46,14.115
2021-05-04 14:10,46,14.115
2021-05-04 14:15,46,14.115
2021-05-04 14:20,46,14.115
2021-05-04 14:25,46,14.115
2021-05-04 14:30,46,14.115
2021-05-04 14:35,46,14.115
2021-05-04 14:40,46,14.115
2021-05-04 14:45,46,14.115
2021-05-04 14:50,46,14.115
2021-05-04 14:55,46,14.115
2021-05-04 15:00,46,14.115
2021-05-04 15:05,46,14.115
2021-05-04 15:10,46,14.115
2021-05-04 15:15,46,14.115
2021-05-04 15:20,46,14.115
2021-05-04 15:25,46,14.115
2021-05-04 15:30,46,14.115
2021-05-04 15:35,46,14.115
2021-05-04 15:40,46,14.115
2021-05-04 15:45,46,14.115
2021-05-04 15:50,46,14.115
2021-05-04 15:55,46,14.115
2021-05-04 16:00,46,14.115
2021-05-04 16:05,46,14.115
2021-05-04 16:10,46,14.115
2021-05-04 16:15,46,14.115
2021-05-04 16:20,46,14.115
2021-05-04 16:25,46,14.115
2021-05-04 16:30,46,14.115
2021-05-04 16:35,46,14.115
2021-05-04 16:40,46,14.115
2021-05-04 16:45,46,14.115
2021-05-04 16:50,46,14.115
2021-05-04 16:55,46,14.115
2021-05-04 17:00,46,14.115
2021-05-04 17:05,46,14.115
2021-05-04 17:10,46,14.115
2021-05-04 17:15,46,14.115
2021-05-04 17:20,46,14.115
2021-05-04 17:25,46,14.115
2021-05-04 17:30,46,14.115
2021-05-04 17:35,46,14.115
2021-05-04 17:40,46,14.115
2021-05-04 17:45,46,14.115
2021-05-04 17:50,46,14.115
2021-05-04 17:55,46,14.115
2021-05-04 18:00,46,14.115
2021-05-04 18:05,46,14.115
2021-05-04 18:10,46,14.115
2021-05-04 18:15,46,14.115
2021-05-04 18:20,46,14.115
2021-05-04 18:25,46,14.115
2021-05-04 18:30,46,14.115
2021-05-04 18:35,46,14.115
2021-05-04 18:40,46,14.115
2021-05-04 18:45,46,14.115
2021-05-04 18:50,46,14.115
2021-05-04 18:55,46,14.115
2021-05-04 19:00,46,14.115
2021-05-04 19:05,46,14.115
2021-05-04 19:10,46,14.115
2021-05-04 19:15,46,14.115
2021-05-04 19:20,46,14.115
2021-05-04 19:25,46,14.115
2021-05-04 19:30,46,14.115
2021-05-04 19:35,46,14.115
2021-05-04 19:40,46,14.115
2021-05-04 19:45,46,14.115
2021-05-04 19:50,46,14.115
2021-05-04 19:55,46,14.115
2021-05-04 20:00,46,14.115
2021-05-04 20:05,46,14.115
2021-05-04 20:10,46,14.115
2021-05-04 20:15,46,14.115
2021-05-04 20:20,46,14.115
2021-05-04 20:25,46,14.115
2021-05-04 20:30,46,14.115
2021-05-04 20:35,46,14.115
2021-05-04 20:40,46,14.115
2021-05-04 20:45,46,14.115
2021-05-04 20:50,46,14.115
2021-05-04 20:55,46,14.115
2021-05-04 21:00,46,14.115
2021-05-04 21:05,46,14.115
2021-05-04 21:10,46,14.115
2021-05-04 21:15,46,14.115
2021-05-04 21:20,46,14.115
2021-05-04 21:25,46,14.115
2021-05-04 21:30,46,14.115
2021-05-04 21:35,46,14.115
2021-05-04 21:40,46,14.115
2021-05-04 21:45,46,14.115
2021-05-04 21:50,46,14.115
2021-05-04 21:55,46,14.115
2021-05-04 22:00,46,14.115
2021-05-04 22:05,46,14.115
2021-05-04 22:10,46,14.115
2021-05-04 22:15,46,14.115
2021-05-04 22:20,46,14.115
2021-05-04 22:25,46,14.115
2021-05-04 22:30,46,14.115
2021-05-04 22:35,46,14.115
2021-05-04 22:40,46,14.115
2021-05-04 22:45,46,14.115
2021-05-04 22:50,46,14.115
2021-05-04 22:55,46,14.115
2021-05-04 23:00,46,14.115
2021-05-04 23:05,46,14.115
2021-05-04 23:10,46,14.115
2021-05-04 23:15,46,14.115
2021-05-04 23:20,46,14.115
2021-05-04 23:25,46,14.115
2021-05-04 23:30,46,14.115
2021-05-04 23:35,46,14.115
2021-05-04 23:40,46,14.115
2021-05-04 23:45,46,14.115
2021-05-04 23:50,46,14.115
2021-05-04 23:55,46,14.115
2021-05-05 0:00,46,14.115
2021-05-05 0:05,46,14.115
2021-05-05 0:10,46,14.115
2021-05-05 0:15,46,14.115
2021-05-05 0:20,46,14.115
2021-05-05 0:25,46,14.115
2021-05-05 0:30,46,14.115
2021-05-05 0:35,46,14.115
2021-05-05 0:40,46,14.115
2021-05-05 0:45,46,14.115
2021-05-05 0:50,46,14.115
2021-05-05 0:55,46,14.115
2021-05-05 1:00,46,14.115
2021-05-05 1:05,46,14.115
2021-05-05 1:10,46,14.115
2021-05-05 1:15,46,14.115
2021-05-05 1:20,46,14.115
2021-05-05 1:25,46,14.115
2021-05-05 1:30,46,14.115
2021-05-05 1:35,46,14.115
2021-05-05 1:40,46,14.115
2021-05-05 1:45,46,14.115
2021-05-05 1:50,46,14.115
2021-05-05 1:55,46,14.115
2021-05-05 2:00,46,14.115
2021-05-05 2:05,46,14.115
2021-05-05 2:10,46,14.115
2021-05-05 2:15,46,14.115
2021-05-05 2:20,46,14.115
2021-05-05 2:25,46,14.115
2021-05-05 2:30,46,14.115
2021-05-05 2:35,46,14.115
2021-05-05 2:40,46,14.115
2021-05-05 2:45,46,14.115
2021-05-05 2:50,46,14.115
2021-05-05 2:55,46,14.115
2021-05-05 3:00,46,14.115
2021-05-05 3:05,46,14.115
2021-05-05 3:10,46,14.115
2021-05-05 3:15,46,14.115
2021-05-05 3:20,46,14.115
2021-05-05 3:25,46,14.115
2021-05-05 3:30,46,14.115
2021-05-05 3:35,46,14.115
2021-05-05 3:40,46,14.115
2021-05-05 3:45,46,14.115
2021-05-05 3:50,46,14.115
2021-05-05 3:55,46,14.115
2021-05-05 4:00,46,14.115
2021-05-05 4:05,46,14.115
2021-05-05 4:10,46,14.115
2021-05-05 4:15,46,14.115
2021-05-05 4:20,46,14.115
2021-05-05 4:25,46,14.115
2021-05-05 4:30,46,14.115
2021-05-05 4:35,46,14.115
2021-05-05 4:40,46,14.115
2021-05-05 4:45,46,14.115
2021-05-05 4:50,46,14.115
2021-05-05 4:55,46,14.115
2021-05-05 5:00,46,14.115
2021-05-05 5:05,46,14.115
2021-05-05 5:10,46,14.115
2021-05-05 5:15,46,14.115
2021-05-05 5:20,46,14.115
2021-05-05 5:25,46,14.115
2021-05-05 5:30,46,14.115
2021-05-05 5:35,46,14.115
2021-05-05 5:40,46,14.115
2021-05-05 5:45,46,14.115
2021-05-05 5:50,46,14.115
2021-05-05 5:55,46,14.115
2021-05-05 6:00,46,14.115
2021-05-05 6:05,46,14.115
2021-05-05 6:10,46,14.115
2021-05-05 6:15,46,14.115
2021-05-05 6:20,46,14.115
2021-05-05 6:25,46,14.115
2021-05-05 6:30,46,14.115
2021-05-05 6:35,46,14.115
2021-05-05 6:40,46,14.115
2021-05-05 6:45,46,14.115
2021-05-05 6:50,46,14.115
2021-05-05 6:55,46,14.115
2021-05-05 7:00,46,14.115
2021-05-05 7:05,46,14.115
2021-05-05 7:10,46,14.115
2021-05-05 7:15,46,14.115
2021-05-05 7:20,46,14.115
2021-05-05 7:25,46,14.115
2021-05-05 7:30,46,14.115
2021-05-05 7:35,46,14.115
2021-05-05 7:40,46,14.115
2021-05-05 7:45,46,14.115
2021-05-05 7:50,46,14.115
2021-05-05 7:55,46,14.115
2021-05-05 8:00,46,14.115
2021-05-05 8:05,46,14.115
2021-05-05 8:10,46,14.115
2021-05-05 8:15,46,14.115
2021-05-05 8:20,46,14.115
2021-05-05 8:25,46,14.115
2021-05-05 8:30,46,14.115
2021-05-05 8:35,46,14.115
2021-05-05 8:40,46,14.115
2021-05-05 8:45,46,14.115
2021-05-05 8:50,46,14.115
2021-05-05 8:55,46,14.115
2021-05-05 9:00,46,14.115
2021-05-05 9:05,46,14.115
2021-05-05 9:10,46,14.115
2021-05-05 9:15,46,14.115
2021-05-05 9:20,46,14.115
2021-05-05 9:25,46,14.115
2021-05-05 9:30,46,14.115
2021-05-05 9:35,46,14.115
2021-05-05 9:40,46,14.115
2021-05-05 9:45,46,14.115
2021-05-05 9:50,46,14.115
2021-05-05 9:55,46,14.115
2021-05-05 10:00,46,14.115
2021-05-05 10:05,46,14.115
2021-05-05 10:10,46,14.115
2021-05-05 10:15,46,14.115
2021-05-05 10:20,46,14.115
2021-05-05 10:25,46,14.115
2021-05-05 10:30,46,14.115
2021-05-05 10:35,46,14.115
2021-05-05 10:40,46,14.115
2021-05-05 10:45,46,14.115
2021-05-05 10:50,46,14.115
2021-05-05 10:55,46,14.115
2021-05-05 11:00,46,14.115
2021-05-05 11:05,46,14.115
2021-05-05 11:10,46,14.115
2021-05-05 11:15,46,14.115
2021-05-05 11:20,46,14.115
2021-05-05 11:25,46,14.115
2021-05-05 11:30,46,14.115
2021-05-05 11:35,46,14.115
2021-05-05 11:40,46,14.115
2021-05-05 11:45,46,14.115
2021-05-05 11:50,46,14.115
2021-05-05 11:55,46,14.115
2021-05-05 12:00,46,14.115
2021-05-05 12:05,46,14.115
2021-05-05 12:10,46,14.115
2021-05-05 12:15,46,14.115
2021-05-05 12:20,46,14.115
2021-05-05 12:25,46,14.115
2021-05-05 12:30,46,14.115
2021-05-05 12:35,46,14.115
2021-05-05 12:40,46,14.115
2021-05-05 12:45,46,14.115
2021-05-05 12:50,46,14.115
2021-05-05 12:55,46,14.115
2021-05-05 13:00,46,14.115
2021-05-05 13:05,46,14.115
2021-05-05 13:10,46,14.115
2021-05-05 13:15,46,14.115
2021-05-05 13:20,46,14.115
2021-05-05 13:25,46,14.115
2021-05-05 13:30,46,14.115
2021-05-05 13:35,46,14.115
2021-05-05 13:40,46,14.115
2021-05-05 13:45,46,14.115
2021-05-05 13:50,46,14.115
2021-05-05 13:55,46,14.115
2021-05-05 14:00,46,14.115
2021-05-05 14:05,46,14.115
2021-05-05 14:10,46,14.115
2021-05-05 14:15,46,14.115
2021-05-05 14:20,46,14.115
2021-05-05 14:25,46,14.115
2021-05-05 14:30,46,14.115
2021-05-05 14:35,46,14.114
2021-05-05 14:40,46,14.115
2021-05-05 14:45,46,14.114
2021-05-05 14:50,46,14.114
2021-05-05 14:55,46,14.114
2021-05-05 15:00,46,14.114
2021-05-05 15:05,46,14.115
2021-05-05 15:10,46,14.115
2021-05-05 15:15,46,14.115
2021-05-05 15:20,46,14.114
2021-05-05 15:25,46,14.114
2021-05-05 15:30,46,14.114
2021-05-05 15:35,46,14.114
2021-05-05 15:40,46,14.115
2021-05-05 15:45,46,14.114
2021-05-05 15:50,46,14.114
2021-05-05 15:55,46,14.114
2021-05-05 16:00,46,14.114
2021-05-05 16:05,46,14.115
2021-05-05 16:10,46,14.114
2021-05-05 16:15,46,14.114
2021-05-05 16:20,46,14.114
2021-05-05 16:25,46,14.114
2021-05-05 16:30,46,14.114
2021-05-05 16:35,46,14.114
2021-05-05 16:40,46,14.114
2021-05-05 16:45,46,14.114
2021-05-05 16:50,46,14.114
2021-05-05 16:55,46,14.114
2021-05-05 17:00,46,14.114
2021-05-05 17:05,46,14.114
2021-05-05 17:10,46,14.114
2021-05-05 17:15,46,14.114
2021-05-05 17:20,46,14.114
2021-05-05 17:25,46,14.114
2021-05-05 17:30,46,14.114
2021-05-05 17:35,46,14.114
2021-05-05 17:40,46,14.114
2021-05-05 17:45,46,14.114
2021-05-05 17:50,46,14.114
2021-05-05 17:55,46,14.114
2021-05-05 18:00,46,14.114
2021-05-05 18:05,46,14.114
2021-05-05 18:10,46,14.114
2021-05-05 18:15,46,14.114
2021-05-05 18:20,46,14.114
2021-05-05 18:25,46,14.114
2021-05-05 18:30,46,14.114
2021-05-05 18:35,46,14.114
2021-05-05 18:40,46,14.114
2021-05-05 18:45,46,14.114
2021-05-05 18:50,46,14.114
2021-05-05 18:55,46,14.114
2021-05-05 19:00,46,14.114
2021-05-05 19:05,46,14.114
2021-05-05 19:10,46,14.114
2021-05-05 19:15,46,14.114
2021-05-05 19:20,46,14.114
2021-05-05 19:25,46,14.114
2021-05-05 19:30,46,14.114
2021-05-05 19:35,46,14.114
2021-05-05 19:40,46,14.114
2021-05-05 19:45,46,14.114
2021-05-05 19:50,46,14.114
2021-05-05 19:55,46,14.114
2021-05-05 20:00,46,14.114
2021-05-05 20:05,46,14.114
2021-05-05 20:10,46,14.114
2021-05-05 20:15,46,14.114
2021-05-05 20:20,46,14.114
2021-05-05 20:25,46,14.114
2021-05-05 20:30,46,14.114
2021-05-05 20:35,46,14.114
2021-05-05 20:40,46,14.114
2021-05-05 20:45,46,14.114
2021-05-05 20:50,46,14.114
2021-05-05 20:55,46,14.114
2021-05-05 21:00,46,14.114
2021-05-05 21:05,46,14.114
2021-05-05 21:10,46,14.114
2021-05-05 21:15,46,14.114
2021-05-05 21:20,46,14.114
2021-05-05 21:25,46,14.114
2021-05-05 21:30,46,14.114
2021-05-05 21:35,46,14.114
2021-05-05 21:40,46,14.114
2021-05-05 21:45,46,14.114
2021-05-05 21:50,46,14.114
2021-05-05 21:55,46,14.114
2021-05-05 22:00,46,14.114
2021-05-05 22:05,46,14.114
2021-05-05 22:10,46,14.114
2021-05-05 22:15,46,14.114
2021-05-05 22:20,46,14.114
2021-05-05 22:25,46,14.114
2021-05-05 22:30,46,14.114
2021-05-05 22:35,46,14.114
2021-05-05 22:40,46,14.114
2021-05-05 22:45,46,14.114
2021-05-05 22:50,46,14.114
2021-05-05 22:55,46,14.114
2021-05-05 23:00,46,14.114
2021-05-05 23:05,46,14.114
2021-05-05 23:10,46,14.114
2021-05-05 23:15,46,14.114
2021-05-05 23:20,46,14.114
2021-05-05 23:25,46,14.114
2021-05-05 23:30,46,14.114
2021-05-05 23:35,46,14.114
2021-05-05 23:40,46,14.114
2021-05-05 23:45,46,14.114
2021-05-05 23:50,46,14.114
2021-05-05 23:55,46,14.114
2021-05-06 0:00,46,14.114
2021-05-06 0:05,46,14.114
2021-05-06 0:10,46,14.114
2021-05-06 0:15,46,14.114
2021-05-06 0:20,46,14.114
2021-05-06 0:25,46,14.114
2021-05-06 0:30,46,14.114
2021-05-06 0:35,46,14.114
2021-05-06 0:40,46,14.114
2021-05-06 0:45,46,14.114
2021-05-06 0:50,46,14.114
2021-05-06 0:55,46,14.114
2021-05-06 1:00,46,14.114
2021-05-06 1:05,46,14.114
2021-05-06 1:10,46,14.114
2021-05-06 1:15,46,14.114
2021-05-06 1:20,46,14.114
2021-05-06 1:25,46,14.114
2021-05-06 1:30,46,14.114
2021-05-06 1:35,46,14.114
2021-05-06 1:40,46,14.114
2021-05-06 1:45,46,14.114
2021-05-06 1:50,46,14.114
2021-05-06 1:55,46,14.114
2021-05-06 2:00,46,14.114
2021-05-06 2:05,46,14.114
2021-05-06 2:10,46,14.114
2021-05-06 2:15,46,14.114
2021-05-06 2:20,46,14.114
2021-05-06 2:25,46,14.114
2021-05-06 2:30,46,14.114
2021-05-06 2:35,46,14.114
2021-05-06 2:40,46,14.114
2021-05-06 2:45,46,14.114
2021-05-06 2:50,46,14.114
2021-05-06 2:55,46,14.114
2021-05-06 3:00,46,14.114
2021-05-06 3:05,46,14.114
2021-05-06 3:10,46,14.114
2021-05-06 3:15,46,14.114
2021-05-06 3:20,46,14.114
2021-05-06 3:25,46,14.114
2021-05-06 3:30,46,14.114
2021-05-06 3:35,46,14.114
2021-05-06 3:40,46,14.114
2021-05-06 3:45,46,14.114
2021-05-06 3:50,46,14.114
2021-05-06 3:55,46,14.114
2021-05-06 4:00,46,14.114
2021-05-06 4:05,46,14.114
2021-05-06 4:10,46,14.114
2021-05-06 4:15,46,14.114
2021-05-06 4:20,46,14.114
2021-05-06 4:25,46,14.114
2021-05-06 4:30,46,14.114
2021-05-06 4:35,46,14.114
2021-05-06 4:40,46,14.114
2021-05-06 4:45,46,14.114
2021-05-06 4:50,46,14.114
2021-05-06 4:55,46,14.114
2021-05-06 5:00,46,14.114
2021-05-06 5:05,46,14.114
2021-05-06 5:10,46,14.114
2021-05-06 5:15,46,14.114
2021-05-06 5:20,46,14.114
2021-05-06 5:25,46,14.114
2021-05-06 5:30,46,14.114
2021-05-06 5:35,46,14.114
2021-05-06 5:40,46,14.114
2021-05-06 5:45,46,14.114
2021-05-06 5:50,46,14.114
2021-05-06 5:55,46,14.114
2021-05-06 6:00,46,14.114
2021-05-06 6:05,46,14.114
2021-05-06 6:10,46,14.114
2021-05-06 6:15,46,14.114
2021-05-06 6:20,46,14.114
2021-05-06 6:25,46,14.114
2021-05-06 6:30,46,14.114
2021-05-06 6:35,46,14.114
2021-05-06 6:40,46,14.114
2021-05-06 6:45,46,14.114
2021-05-06 6:50,46,14.114
2021-05-06 6:55,46,14.114
2021-05-06 7:00,46,14.114
2021-05-06 7:05,46,14.114
2021-05-06 7:10,46,14.114
2021-05-06 7:15,46,14.114
2021-05-06 7:20,46,14.114
2021-05-06 7:25,46,14.114
2021-05-06 7:30,46,14.114
2021-05-06 7:35,46,14.114
2021-05-06 7:40,46,14.114
2021-05-06 7:45,46,14.114
2021-05-06 7:50,46,14.114
2021-05-06 7:55,46,14.114
2021-05-06 8:00,46,14.114
2021-05-06 8:05,46,14.114
2021-05-06 8:10,46,14.114
2021-05-06 8:15,46,14.114
2021-05-06 8:20,46,14.114
2021-05-06 8:25,46,14.114
2021-05-06 8:30,46,14.114
2021-05-06 8:35,46,14.114
2021-05-06 8:40,46,14.114
2021-05-06 8:45,46,14.114
2021-05-06 8:50,46,14.114
2021-05-06 8:55,46,14.114
2021-05-06 9:00,46,14.114
2021-05-06 9:05,46,14.114
2021-05-06 9:10,46,14.114
2021-05-06 9:15,46,14.114
2021-05-06 9:20,46,14.114
2021-05-06 9:25,46,14.114
2021-05-06 9:30,46,14.114
2021-05-06 9:35,46,14.114
2021-05-06 9:40,46,14.114
2021-05-06 9:45,46,14.114
2021-05-06 9:50,46,14.114
2021-05-06 9:55,46,14.114
2021-05-06 10:00,46,14.114
2021-05-06 10:05,46,14.114
2021-05-06 10:10,46,14.114
2021-05-06 10:15,46,14.114
2021-05-06 10:20,46,14.114
2021-05-06 10:25,46,14.114
2021-05-06 10:30,46,14.114
2021-05-06 10:35,46,14.114
2021-05-06 10:40,46,14.114
2021-05-06 10:45,46,14.114
2021-05-06 10:50,46,14.114
2021-05-06 10:55,46,14.114
2021-05-06 11:00,46,14.114
2021-05-06 11:05,46,14.114
2021-05-06 11:10,46,14.114
2021-05-06 11:15,46,14.114
2021-05-06 11:20,46,14.114
2021-05-06 11:25,46,14.114
2021-05-06 11:30,46,14.114
2021-05-06 11:35,46,14.114
2021-05-06 11:40,46,14.114
2021-05-06 11:45,46,14.114
2021-05-06 11:50,46,14.114
2021-05-06 11:55,46,14.114
2021-05-06 12:00,46,14.114
2021-05-06 12:05,46,14.114
2021-05-06 12:10,46,14.114
2021-05-06 12:15,46,14.114
2021-05-06 12:20,46,14.114
2021-05-06 12:25,46,14.114
2021-05-06 12:30,46,14.114
2021-05-06 12:35,46,14.114
2021-05-06 12:40,46,14.114
2021-05-06 12:45,46,14.114
2021-05-06 12:50,46,14.114
2021-05-06 12:55,46,14.114
2021-05-06 13:00,46,14.114
2021-05-06 13:05,46,14.114
2021-05-06 13:10,46,14.114
2021-05-06 13:15,46,14.114
2021-05-06 13:20,46,14.114
2021-05-06 13:25,46,14.114
2021-05-06 13:30,46,14.114
2021-05-06 13:35,46,14.114
2021-05-06 13:40,46,14.114
2021-05-06 13:45,46,14.114
2021-05-06 13:50,46,14.114
2021-05-06 13:55,46,14.114
2021-05-06 14:00,46,14.114
2021-05-06 14:05,46,14.114
2021-05-06 14:10,46,14.114
2021-05-06 14:15,46,14.114
2021-05-06 14:20,46,14.114
2021-05-06 14:25,46,14.114
2021-05-06 14:30,46,14.114
2021-05-06 14:35,46,14.114
2021-05-06 14:40,46,14.114
2021-05-06 14:45,46,14.114
2021-05-06 14:50,46,14.114
2021-05-06 14:55,46,14.114
2021-05-06 15:00,46,14.114
2021-05-06 15:05,46,14.114
2021-05-06 15:10,46,14.114
2021-05-06 15:15,46,14.114
2021-05-06 15:20,46,14.114
2021-05-06 15:25,46,14.114
2021-05-06 15:30,46,14.114
2021-05-06 15:35,46,14.114
2021-05-06 15:40,46,14.114
2021-05-06 15:45,46,14.114
2021-05-06 15:50,46,14.114
2021-05-06 15:55,46,14.114
2021-05-06 16:00,46,14.114
2021-05-06 16:05,46,14.114
2021-05-06 16:10,46,14.114
2021-05-06 16:15,46,14.114
2021-05-06 16:20,46,14.114
2021-05-06 16:25,46,14.114
2021-05-06 16:30,46,14.114
2021-05-06 16:35,46,14.114
2021-05-06 16:40,46,14.114
2021-05-06 16:45,46,14.114
2021-05-06 16:50,46,14.114
2021-05-06 16:55,46,14.114
2021-05-06 17:00,46,14.114
2021-05-06 17:05,46,14.114
2021-05-06 17:10,46,14.114
2021-05-06 17:15,46,14.114
2021-05-06 17:20,46,14.114
2021-05-06 17:25,46,14.114
2021-05-06 17:30,46,14.114
2021-05-06 17:35,46,14.114
2021-05-06 17:40,46,14.114
2021-05-06 17:45,46,14.114
2021-05-06 17:50,46,14.114
2021-05-06 17:55,46,14.114
2021-05-06 18:00,46,14.114
2021-05-06 18:05,46,14.114
2021-05-06 18:10,46,14.114
2021-05-06 18:15,46,14.114
2021-05-06 18:20,46,14.114
2021-05-06 18:25,46,14.114
2021-05-06 18:30,46,14.114
2021-05-06 18:35,46,14.114
2021-05-06 18:40,46,14.114
2021-05-06 18:45,46,14.114
2021-05-06 18:50,46,14.114
2021-05-06 18:55,46,14.114
2021-05-06 19:00,46,14.114
2021-05-06 19:05,46,14.114
2021-05-06 19:10,46,14.114
2021-05-06 19:15,46,14.114
2021-05-06 19:20,46,14.114
2021-05-06 19:25,46,14.114
2021-05-06 19:30,46,14.114
2021-05-06 19:35,46,14.114
2021-05-06 19:40,46,14.114
2021-05-06 19:45,46,14.114
2021-05-06 19:50,46,14.114
2021-05-06 19:55,46,14.114
2021-05-06 20:00,46,14.114
2021-05-06 20:05,46,14.114
2021-05-06 20:10,46,14.114
2021-05-06 20:15,46,14.114
2021-05-06 20:20,46,14.114
2021-05-06 20:25,46,14.114
2021-05-06 20:30,46,14.114
2021-05-06 20:35,46,14.114
2021-05-06 20:40,46,14.114
2021-05-06 20:45,46,14.114
2021-05-06 20:50,46,14.114
2021-05-06 20:55,46,14.114
2021-05-06 21:00,46,14.114
2021-05-06 21:05,46,14.114
2021-05-06 21:10,46,14.114
2021-05-06 21:15,46,14.114
2021-05-06 21:20,46,14.114
2021-05-06 21:25,46,14.114
2021-05-06 21:30,46,14.114
2021-05-06 21:35,46,14.114
2021-05-06 21:40,46,14.114
2021-05-06 21:45,46,14.114
2021-05-06 21:50,46,14.114
2021-05-06 21:55,46,14.114
2021-05-06 22:00,46,14.114
2021-05-06 22:05,46,14.114
2021-05-06 22:10,46,14.114
2021-05-06 22:15,46,14.114
2021-05-06 22:20,46,14.114
2021-05-06 22:25,46,14.114
2021-05-06 22:30,46,14.114
2021-05-06 22:35,46,14.114
2021-05-06 22:40,46,14.114
2021-05-06 22:45,46,14.114
2021-05-06 22:50,46,14.114
2021-05-06 22:55,46,14.114
2021-05-06 23:00,46,14.114
2021-05-06 23:05,46,14.114
2021-05-06 23:10,46,14.114
2021-05-06 23:15,46,14.114
2021-05-06 23:20,46,14.114
2021-05-06 23:25,46,14.114
2021-05-06 23:30,46,14.114
2021-05-06 23:35,46,14.114
2021-05-06 23:40,46,14.114
2021-05-06 23:45,46,14.114
2021-05-06 23:50,46,14.114
2021-05-06 23:55,46,14.114
2021-05-07 0:00,46,14.114
2021-05-07 0:05,46,14.114
2021-05-07 0:10,46,14.114
2021-05-07 0:15,46,14.114
2021-05-07 0:20,46,14.114
2021-05-07 0:25,46,14.114
2021-05-07 0:30,46,14.114
2021-05-07 0:35,46,14.114
2021-05-07 0:40,46,14.114
2021-05-07 0:45,46,14.114
2021-05-07 0:50,46,14.114
2021-05-07 0:55,46,14.114
2021-05-07 1:00,46,14.114
2021-05-07 1:05,46,14.114
2021-05-07 1:10,46,14.114
2021-05-07 1:15,46,14.114
2021-05-07 1:20,46,14.114
2021-05-07 1:25,46,14.114
2021-05-07 1:30,46,14.114
2021-05-07 1:35,46,14.114
2021-05-07 1:40,46,14.114
2021-05-07 1:45,46,14.114
2021-05-07 1:50,46,14.114
2021-05-07 1:55,46,14.114
2021-05-07 2:00,46,14.114
2021-05-07 2:05,46,14.114
2021-05-07 2:10,46,14.114
2021-05-07 2:15,46,14.114
2021-05-07 2:20,46,14.114
2021-05-07 2:25,46,14.114
2021-05-07 2:30,46,14.114
2021-05-07 2:35,46,14.114
2021-05-07 2:40,46,14.114
2021-05-07 2:45,46,14.114
2021-05-07 2:50,46,14.114
2021-05-07 2:55,46,14.114
2021-05-07 3:00,46,14.114
2021-05-07 3:05,46,14.114
2021-05-07 3:10,46,14.114
2021-05-07 3:15,46,14.114
2021-05-07 3:20,46,14.114
2021-05-07 3:25,46,14.114
2021-05-07 3:30,46,14.114
2021-05-07 3:35,46,14.114
2021-05-07 3:40,46,14.114
2021-05-07 3:45,46,14.114
2021-05-07 3:50,46,14.114
2021-05-07 3:55,46,14.114
2021-05-07 4:00,46,14.114
2021-05-07 4:05,46,14.114
2021-05-07 4:10,46,14.114
2021-05-07 4:15,46,14.114
2021-05-07 4:20,46,14.114
2021-05-07 4:25,46,14.114
2021-05-07 4:30,46,14.114
2021-05-07 4:35,46,14.114
2021-05-07 4:40,46,14.114
2021-05-07 4:45,46,14.114
2021-05-07 4:50,46,14.114
2021-05-07 4:55,46,14.114
2021-05-07 5:00,46,14.114
2021-05-07 5:05,46,14.114
2021-05-07 5:10,46,14.114
2021-05-07 5:15,46,14.114
2021-05-07 5:20,46,14.114
2021-05-07 5:25,46,14.114
2021-05-07 5:30,46,14.114
2021-05-07 5:35,46,14.114
2021-05-07 5:40,46,14.114
2021-05-07 5:45,46,14.114
2021-05-07 5:50,46,14.114
2021-05-07 5:55,46,14.114
2021-05-07 6:00,46,14.114
2021-05-07 6:05,46,14.114
2021-05-07 6:10,46,14.114
2021-05-07 6:15,46,14.114
2021-05-07 6:20,46,14.114
2021-05-07 6:25,46,14.114
2021-05-07 6:30,46,14.114
2021-05-07 6:35,46,14.114
2021-05-07 6:40,46,14.114
2021-05-07 6:45,46,14.114
2021-05-07 6:50,46,14.114
2021-05-07 6:55,46,14.114
2021-05-07 7:00,46,14.114
2021-05-07 7:05,46,14.114
2021-05-07 7:10,46,14.114
2021-05-07 7:15,46,14.114
2021-05-07 7:20,46,14.114
2021-05-07 7:25,46,14.114
2021-05-07 7:30,46,14.114
2021-05-07 7:35,46,14.114
2021-05-07 7:40,46,14.114
2021-05-07 7:45,46,14.114
2021-05-07 7:50,46,14.114
2021-05-07 7:55,46,14.114
2021-05-07 8:00,46,14.114
2021-05-07 8:05,46,14.114
2021-05-07 8:10,46,14.114
2021-05-07 8:15,46,14.114
2021-05-07 8:20,46,14.114
2021-05-07 8:25,46,14.114
2021-05-07 8:30,46,14.114
2021-05-07 8:35,46,14.114
2021-05-07 8:40,46,14.114
2021-05-07 8:45,46,14.114
2021-05-07 8:50,46,14.114
2021-05-07 8:55,46,14.114
2021-05-07 9:00,46,14.114
2021-05-07 9:05,46,14.114
2021-05-07 9:10,46,14.114
2021-05-07 9:15,46,14.114
2021-05-07 9:20,46,14.114
2021-05-07 9:25,46,14.114
2021-05-07 9:30,46,14.114
2021-05-07 9:35,46,14.114
2021-05-07 9:40,46,14.114
2021-05-07 9:45,46,14.114
2021-05-07 9:50,46,14.114
2021-05-07 9:55,46,14.114
2021-05-07 10:00,46,14.114
2021-05-07 10:05,46,14.114
2021-05-07 10:10,46,14.114
2021-05-07 10:15,46,14.114
2021-05-07 10:20,46,14.114
2021-05-07 10:25,46,14.114
2021-05-07 10:30,46,14.114
2021-05-07 10:35,46,14.114
2021-05-07 10:40,46,14.114
2021-05-07 10:45,46,14.114
2021-05-07 10:50,46,14.114
2021-05-07 10:55,46,14.114
2021-05-07 11:00,46,14.114
2021-05-07 11:05,46,14.114
2021-05-07 11:10,46,14.114
2021-05-07 11:15,46,14.114
2021-05-07 11:20,46,14.114
2021-05-07 11:25,46,14.114
2021-05-07 11:30,46,14.114
2021-05-07 11:35,46,14.114
2021-05-07 11:40,46,14.114
2021-05-07 11:45,46,14.114
2021-05-07 11:50,46,14.114
2021-05-07 11:55,46,14.114
2021-05-07 12:00,46,14.114
2021-05-07 12:05,46,14.114
2021-05-07 12:10,46,14.114
2021-05-07 12:15,46,14.114
2021-05-07 12:20,46,14.114
2021-05-07 12:25,46,14.114
2021-05-07 12:30,46,14.114
2021-05-07 12:35,46,14.114
2021-05-07 12:40,46,14.114
2021-05-07 12:45,46,14.114
2021-05-07 12:50,46,14.114
2021-05-07 12:55,46,14.114
2021-05-07 13:00,46,14.114
2021-05-07 13:05,46,14.114
2021-05-07 13:10,46,14.114
2021-05-07 13:15,46,14.114
2021-05-07 13:20,46,14.114
2021-05-07 13:25,46,14.114
2021-05-07 13:30,46,14.114
2021-05-07 13:35,46,14.114
2021-05-07 13:40,46,14.114
2021-05-07 13:45,46,14.114
2021-05-07 13:50,46,14.114
2021-05-07 13:55,46,14.114
2021-05-07 14:00,46,14.114
2021-05-07 14:05,46,14.114
2021-05-07 14:10,46,14.114
2021-05-07 14:15,46,14.114
2021-05-07 14:20,46,14.114
2021-05-07 14:25,46,14.114
2021-05-07 14:30,46,14.114
2021-05-07 14:35,46,14.114
2021-05-07 14:40,46,14.114
2021-05-07 14:45,46,14.114
2021-05-07 14:50,46,14.114
2021-05-07 14:55,46,14.114
2021-05-07 15:00,46,14.114
2021-05-07 15:05,46,14.114
2021-05-07 15:10,46,14.114
2021-05-07 15:15,46,14.114
2021-05-07 15:20,46,14.114
2021-05-07 15:25,46,14.114
2021-05-07 15:30,46,14.114
2021-05-07 15:35,46,14.114
2021-05-07 15:40,46,14.114
2021-05-07 15:45,46,14.114
2021-05-07 15:50,46,14.114
2021-05-07 15:55,46,14.114
2021-05-07 16:00,46,14.114
2021-05-07 16:05,46,14.114
2021-05-07 16:10,46,14.114
2021-05-07 16:15,46,14.114
2021-05-07 16:20,46,14.114
2021-05-07 16:25,46,14.114
2021-05-07 16:30,46,14.114
2021-05-07 16:35,46,14.114
2021-05-07 16:40,46,14.114
2021-05-07 16:45,46,14.114
2021-05-07 16:50,46,14.114
2021-05-07 16:55,46,14.114
2021-05-07 17:00,46,14.114
2021-05-07 17:05,46,14.114
2021-05-07 17:10,46,14.114
2021-05-07 17:15,46,14.114
2021-05-07 17:20,46,14.114
2021-05-07 17:25,46,14.114
2021-05-07 17:30,46,14.114
2021-05-07 17:35,46,14.114
2021-05-07 17:40,46,14.114
2021-05-07 17:45,46,14.114
2021-05-07 17:50,46,14.114
2021-05-07 17:55,46,14.114
2021-05-07 18:00,46,14.114
2021-05-07 18:05,46,14.114
2021-05-07 18:10,46,14.114
2021-05-07 18:15,46,14.114
2021-05-07 18:20,46,14.114
2021-05-07 18:25,46,14.114
2021-05-07 18:30,46,14.114
2021-05-07 18:35,46,14.114
2021-05-07 18:40,46,14.114
2021-05-07 18:45,46,14.114
2021-05-07 18:50,46,14.114
2021-05-07 18:55,46,14.114
2021-05-07 19:00,46,14.114
2021-05-07 19:05,46,14.114
2021-05-07 19:10,46,14.114
2021-05-07 19:15,46,14.114
2021-05-07 19:20,46,14.114
2021-05-07 19:25,46,14.114
2021-05-07 19:30,46,14.114
2021-05-07 19:35,46,14.114
2021-05-07 19:40,46,14.114
2021-05-07 19:45,46,14.114
2021-05-07 19:50,46,14.114
2021-05-07 19:55,46,14.114
2021-05-07 20:00,46,14.114
2021-05-07 20:05,46,14.114
2021-05-07 20:10,46,14.114
2021-05-07 20:15,46,14.114
2021-05-07 20:20,46,14.114
2021-05-07 20:25,46,14.114
2021-05-07 20:30,46,14.114
2021-05-07 20:35,46,14.114
2021-05-07 20:40,46,14.114
2021-05-07 20:45,46,14.114
2021-05-07 20:50,46,14.114
2021-05-07 20:55,46,14.114
2021-05-07 21:00,46,14.114
2021-05-07 21:05,46,14.114
2021-05-07 21:10,46,14.114
2021-05-07 21:15,46,14.114
2021-05-07 21:20,46,14.114
2021-05-07 21:25,46,14.114
2021-05-07 21:30,46,14.114
2021-05-07 21:35,46,14.114
2021-05-07 21:40,46,14.114
2021-05-07 21:45,46,14.114
2021-05-07 21:50,46,14.114
2021-05-07 21:55,46,14.114
2021-05-07 22:00,46,14.114
2021-05-07 22:05,46,14.114
2021-05-07 22:10,46,14.114
2021-05-07 22:15,46,14.114
2021-05-07 22:20,46,14.114
2021-05-07 22:25,46,14.114
2021-05-07 22:30,46,14.114
2021-05-07 22:35,46,14.114
2021-05-07 22:40,46,14.114
2021-05-07 22:45,46,14.114
2021-05-07 22:50,46,14.114
2021-05-07 22:55,46,14.114
2021-05-07 23:00,46,14.114
2021-05-07 23:05,46,14.114
2021-05-07 23:10,46,14.114
2021-05-07 23:15,46,14.114
2021-05-07 23:20,46,14.114
2021-05-07 23:25,46,14.114
2021-05-07 23:30,46,14.114
2021-05-07 23:35,46,14.114
2021-05-07 23:40,46,14.114
2021-05-07 23:45,46,14.114
2021-05-07 23:50,46,14.114
2021-05-07 23:55,46,14.114
2021-05-08 0:00,46,14.114
2021-05-08 0:05,46,14.114
2021-05-08 0:10,46,14.114
2021-05-08 0:15,46,14.114
2021-05-08 0:20,46,14.114
2021-05-08 0:25,46,14.114
2021-05-08 0:30,46,14.114
2021-05-08 0:35,46,14.114
2021-05-08 0:40,46,14.114
2021-05-08 0:45,46,14.114
2021-05-08 0:50,46,14.114
2021-05-08 0:55,46,14.114
2021-05-08 1:00,46,14.114
2021-05-08 1:05,46,14.114
2021-05-08 1:10,46,14.114
2021-05-08 1:15,46,14.114
2021-05-08 1:20,46,14.114
2021-05-08 1:25,46,14.114
2021-05-08 1:30,46,14.114
2021-05-08 1:35,46,14.114
2021-05-08 1:40,46,14.114
2021-05-08 1:45,46,14.114
2021-05-08 1:50,46,14.114
2021-05-08 1:55,46,14.114
2021-05-08 2:00,46,14.114
2021-05-08 2:05,46,14.114
2021-05-08 2:10,46,14.114
2021-05-08 2:15,46,14.114
2021-05-08 2:20,46,14.114
2021-05-08 2:25,46,14.114
2021-05-08 2:30,46,14.114
2021-05-08 2:35,46,14.114
2021-05-08 2:40,46,14.114
2021-05-08 2:45,46,14.114
2021-05-08 2:50,46,14.114
2021-05-08 2:55,46,14.114
2021-05-08 3:00,46,14.114
2021-05-08 3:05,46,14.114
2021-05-08 3:10,46,14.114
2021-05-08 3:15,46,14.114
2021-05-08 3:20,46,14.114
2021-05-08 3:25,46,14.114
2021-05-08 3:30,46,14.114
2021-05-08 3:35,46,14.114
2021-05-08 3:40,46,14.114
2021-05-08 3:45,46,14.114
2021-05-08 3:50,46,14.114
2021-05-08 3:55,46,14.114
2021-05-08 4:00,46,14.114
2021-05-08 4:05,46,14.114
2021-05-08 4:10,46,14.114
2021-05-08 4:15,46,14.114
2021-05-08 4:20,46,14.114
2021-05-08 4:25,46,14.114
2021-05-08 4:30,46,14.114
2021-05-08 4:35,46,14.114
2021-05-08 4:40,46,14.114
2021-05-08 4:45,46,14.114
2021-05-08 4:50,46,14.114
2021-05-08 4:55,46,14.114
2021-05-08 5:00,46,14.114
2021-05-08 5:05,46,14.114
2021-05-08 5:10,46,14.114
2021-05-08 5:15,46,14.114
2021-05-08 5:20,46,14.114
2021-05-08 5:25,46,14.114
2021-05-08 5:30,46,14.114
2021-05-08 5:35,46,14.114
2021-05-08 5:40,46,14.114
2021-05-08 5:45,46,14.114
2021-05-08 5:50,46,14.114
2021-05-08 5:55,46,14.114
2021-05-08 6:00,46,14.114
2021-05-08 6:05,46,14.114
2021-05-08 6:10,46,14.114
2021-05-08 6:15,46,14.114
2021-05-08 6:20,46,14.114
2021-05-08 6:25,46,14.114
2021-05-08 6:30,46,14.114
2021-05-08 6:35,46,14.114
2021-05-08 6:40,46,14.114
2021-05-08 6:45,46,14.114
2021-05-08 6:50,46,14.114
2021-05-08 6:55,46,14.114
2021-05-08 7:00,46,14.114
2021-05-08 7:05,46,14.114
2021-05-08 7:10,46,14.114
2021-05-08 7:15,46,14.114
2021-05-08 7:20,46,14.114
2021-05-08 7:25,46,14.114
2021-05-08 7:30,46,14.114
2021-05-08 7:35,46,14.114
2021-05-08 7:40,46,14.114
2021-05-08 7:45,46,14.114
2021-05-08 7:50,46,14.114
2021-05-08 7:55,46,14.114
2021-05-08 8:00,46,14.114
2021-05-08 8:05,46,14.114
2021-05-08 8:10,46,14.114
2021-05-08 8:15,46,14.114
2021-05-08 8:20,46,14.114
2021-05-08 8:25,46,14.114
2021-05-08 8:30,46,14.114
2021-05-08 8:35,46,14.114
2021-05-08 8:40,46,14.114
2021-05-08 8:45,46,14.114
2021-05-08 8:50,46,14.114
2021-05-08 8:55,46,14.114
2021-05-08 9:00,46,14.114
2021-05-08 9:05,46,14.114
2021-05-08 9:10,46,14.114
2021-05-08 9:15,46,14.114
2021-05-08 9:20,46,14.114
2021-05-08 9:25,46,14.114
2021-05-08 9:30,46,14.114
2021-05-08 9:35,46,14.114
2021-05-08 9:40,46,14.114
2021-05-08 9:45,46,14.114
2021-05-08 9:50,46,14.114
2021-05-08 9:55,46,14.114
2021-05-08 10:00,46,14.114
2021-05-08 10:05,46,14.114
2021-05-08 10:10,46,14.114
2021-05-08 10:15,46,14.114
2021-05-08 10:20,46,14.114
2021-05-08 10:25,46,14.114
2021-05-08 10:30,46,14.114
2021-05-08 10:35,46,14.114
2021-05-08 10:40,46,14.114
2021-05-08 10:45,46,14.114
2021-05-08 10:50,46,14.114
2021-05-08 10:55,46,14.114
2021-05-08 11:00,46,14.114
2021-05-08 11:05,46,14.114
2021-05-08 11:10,46,14.114
2021-05-08 11:15,46,14.114
2021-05-08 11:20,46,14.114
2021-05-08 11:25,46,14.114
2021-05-08 11:30,46,14.114
